File Renaming Log - Sat Apr 26 03:37:23 PDT 2025
=====================================
Renamed: claude_perspective.md -> claude_perspective_analysis.md
Renamed: CLAUDE.md -> claude_overview.md
Renamed: document-it.md -> documentation_guidelines.md
Renamed: file_Rename.cursorrule -> file_renaming_framework.md
Renamed: grok-analysis-of-direct.jl -> grok_direct_analysis.jl
Renamed: julia_cognitive_bridging.md -> julia_cognitive_framework.md
Renamed: JUNCTION_MANIFEST.md -> junction_integration_manifest.md
Renamed: resume-from.md -> project_resume_point.md
Renamed: ultra-think-reorganzed.jl -> ultrathink_reorganization_script.jl
Renamed: ultra.ini -> ultrathink_config.ini
Renamed: ultrathink-migration.sh -> ultrathink_migration_script.sh
Renamed: junction_layers/grok-mem/misc/session-id.md -> junction_layers/grok-mem/misc/grok_mem_session_identifier.md
Renamed: junction_layers/grok-mem/context/grok-settings.jsonc -> junction_layers/grok-mem/context/grok_mem_settings_config.jsonc
Renamed: junction_layers/grok-mem/narrative/storage-goose.md -> junction_layers/grok-mem/narrative/grok_mem_storage_goose_narrative.md
Renamed: junction_layers/grok-mem/narrative/README_TESTS.md -> junction_layers/grok-mem/narrative/grok_mem_tests_overview.md
Renamed: junction_layers/grok-mem/narrative/CLAUDE.md -> junction_layers/grok-mem/narrative/grok_mem_claude_narrative.md
Renamed: junction_layers/grok-mem/models/therapeutic-model-v3.yaml -> junction_layers/grok-mem/models/grok_mem_therapeutic_model_v3.yaml
Renamed: junction_layers/grok-mem/elements/julia/Julia-code-comparison.jl -> junction_layers/grok-mem/elements/julia/grok_mem_julia_code_comparison.jl
Renamed: junction_layers/grok-mem/elements/julia/TherapeuticFractalFramework.jl -> junction_layers/grok-mem/elements/julia/grok_mem_therapeutic_fractal_framework.jl
Renamed: junction_layers/grok-mem/timeline/fractal_communication_guide.md -> junction_layers/grok-mem/timeline/grok_mem_fractal_communication_guide.md
Renamed: junction_layers/bauman-oates/tools/shark-tracker/shark-tracker-calendar.md -> junction_layers/bauman-oates/tools/shark-tracker/bauman_oates_shark_tracker_calendar.md
Renamed: junction_layers/bauman-oates/tools/shark-tracker/shark-tracker-sheet.md -> junction_layers/bauman-oates/tools/shark-tracker/bauman_oates_shark_tracker_sheet.md
Renamed: junction_layers/bauman-oates/tools/shark-tracker/shark-project-description.md -> junction_layers/bauman-oates/tools/shark-tracker/bauman_oates_shark_tracker_description.md
Renamed: junction_layers/bauman-oates/tools/shark-tracker/shark-tracker-timeline.md -> junction_layers/bauman-oates/tools/shark-tracker/bauman_oates_shark_tracker_timeline.md
Renamed: junction_layers/bauman-oates/tools/therapeutic-model/Emergent-Frameworks-Cosmic-Patterning.md -> junction_layers/bauman-oates/tools/therapeutic-model/bauman_oates_emergent_frameworks_cosmic_patterning.md
Renamed: junction_layers/bauman-oates/tools/therapeutic-model/Collaborative-Junction-Manifold.md -> junction_layers/bauman-oates/tools/therapeutic-model/bauman_oates_collaborative_junction_manifold.md
Renamed: junction_layers/bauman-oates/tools/therapeutic-model/Ryan-Oates-Persona.jl -> junction_layers/bauman-oates/tools/therapeutic-model/bauman_oates_ryan_oates_persona.jl
Renamed: junction_layers/bauman-oates/tools/therapeutic-model/goose-grok-full-revise-mem-proj.md -> junction_layers/bauman-oates/tools/therapeutic-model/bauman_oates_goose_grok_memory_revision.md
Renamed: junction_layers/bauman-oates/tools/therapeutic-model/therapeutic_model_v3.jl -> junction_layers/bauman-oates/tools/therapeutic-model/bauman_oates_therapeutic_model_v3.jl
Renamed: junction_layers/bauman-oates/context/junction.ini -> junction_layers/bauman-oates/context/bauman_oates_junction_config.ini
Renamed: junction_layers/bauman-oates/context/cursor-version-bauman-oates.ini -> junction_layers/bauman-oates/context/bauman_oates_cursor_version_config.ini
Renamed: junction_layers/bauman-oates/context/dulicate.ini -> junction_layers/bauman-oates/context/bauman_oates_duplicate_config.ini
Renamed: junction_layers/bauman-oates/narrative/Project-Analysis-Documentation.md -> junction_layers/bauman-oates/narrative/bauman_oates_project_analysis_documentation.md
Renamed: junction_layers/bauman-oates/narrative/component-analysis.md -> junction_layers/bauman-oates/narrative/bauman_oates_component_analysis.md
Renamed: junction_layers/bauman-oates/narrative/proposal-for-merg.md -> junction_layers/bauman-oates/narrative/bauman_oates_proposal_for_merge.md
Renamed: junction_layers/bauman-oates/narrative/Project-Timeline.md -> junction_layers/bauman-oates/narrative/bauman_oates_project_timeline.md
Renamed: junction_layers/bauman-oates/narrative/project-file-map.md -> junction_layers/bauman-oates/narrative/bauman_oates_project_file_map.md
Renamed: junction_layers/bauman-oates/narrative/Stepwise-Process.md -> junction_layers/bauman-oates/narrative/bauman_oates_stepwise_process.md
Renamed: junction_layers/bauman-oates/narrative/goose.md -> junction_layers/bauman-oates/narrative/bauman_oates_goose_narrative.md
Renamed: junction_layers/bauman-oates/narrative/Project-Goals.md -> junction_layers/bauman-oates/narrative/bauman_oates_project_goals.md
Renamed: junction_layers/bauman-oates/narrative/gemini.md -> junction_layers/bauman-oates/narrative/bauman_oates_gemini_narrative.md
Renamed: junction_layers/bauman-oates/narrative/project-index.md -> junction_layers/bauman-oates/narrative/bauman_oates_project_index.md
Renamed: junction_layers/bauman-oates/narrative/project-organization.md -> junction_layers/bauman-oates/narrative/bauman_oates_project_organization.md
Renamed: emergent_spaces/experiments/grok-analysis-of-direct.jl -> emergent_spaces/experiments/experiment_grok_direct_analysis.jl
Renamed: emergent_spaces/examples/ultra-think-reorganized.jl -> emergent_spaces/examples/example_ultrathink_reorganization.jl
Renamed: knowledge_web/methods/ultra.ini -> knowledge_web/methods/ultrathink_method_config.ini
Renaming process completed. Check the log file at /Users/ryandavidoates/cosmo-neuro-junction/rename_log_20250426_033723.txt for details.
